Run ID,Date,Total,Passed,Failed,Skipped,Timed Out,Pass Rate (%),Duration (ms)
"0850d9bc-c95d-4334-b64b-1f6bdeae2129","10/8/2026, 11:30:05 AM",44,44,0,0,0,100,282060.068
"e35bfe12-dc48-4641-862c-e1c7aaca8814","10/7/2026, 10:30:04 PM",44,44,0,0,0,100,286548.454
"af2a7d31-93f7-4fb9-9caf-a78c68b70375","10/7/2026, 11:30:04 AM",44,44,0,0,0,100,278211.557
"f4e38205-d3bd-41ec-ab5c-7d66b91701bf","10/6/2026, 10:30:05 PM",44,44,0,0,0,100,287521.059
"8d410bbc-44be-4655-834b-a5c536f35e59","10/6/2026, 11:30:05 AM",44,44,0,0,0,100,283777.62600000005
"69f83b3b-1c6a-43d9-ad61-24fbb541d263","10/5/2026, 10:30:05 PM",44,44,0,0,0,100,299833.685
"e158f7ed-f365-4183-8187-3a81fdc429af","10/5/2026, 11:30:05 AM",44,44,0,0,0,100,287117.879
"64afd023-23be-4c19-838b-d1e27dda90ed","10/4/2026, 10:30:05 PM",44,44,0,0,0,100,293946.644
"3e4b5d19-22d7-4374-9d2b-8f6d496fc47e","10/4/2026, 11:30:05 AM",44,44,0,0,0,100,292903.728
"eb1ccb62-bfa1-45f1-84eb-4307a57b10ce","10/3/2026, 10:30:05 PM",44,44,0,0,0,100,290578.57499999995
"eb13901d-4be9-41ff-af96-8ef83a7888bd","10/3/2026, 11:30:05 AM",44,44,0,0,0,100,292869.84199999995
"f0713f1f-569e-4a32-ba18-6fe267d4f304","10/2/2026, 10:30:05 PM",44,44,0,0,0,100,290371.908
"1c9ae726-c20a-4706-96af-f57462b40a63","10/2/2026, 11:30:05 AM",44,44,0,0,0,100,290714.387
"70577918-0503-4049-801d-1276a72fcc45","10/1/2026, 10:30:05 PM",44,44,0,0,0,100,295181.947
"59b1684b-fba4-4105-9bba-ccdc1a960401","10/1/2026, 11:30:05 AM",44,44,0,0,0,100,302293.41000000003
"7d6e6d96-10d8-40ab-828d-a06f55ceeb85","9/30/2026, 10:30:05 PM",44,44,0,0,0,100,292152.652
"62c8d867-cb8a-472c-a439-1963bb7d9cff","9/30/2026, 11:30:04 AM",44,44,0,0,0,100,293776.733
"cd0a4954-2804-420c-b585-135ded317c82","9/29/2026, 10:30:05 PM",44,44,0,0,0,100,293688.723
"bbeec424-2930-4e78-a7e5-63c411128093","9/29/2026, 11:30:05 AM",44,44,0,0,0,100,301186.25899999996
"adf8c759-0eec-436a-9ff8-8be70db44b1b","9/28/2026, 10:30:05 PM",44,44,0,0,0,100,297497.28
"3a043255-37ec-46d7-b77c-26f6aa6ece1f","9/28/2026, 11:30:04 AM",44,44,0,0,0,100,311812.328
"8dcc8e60-4275-4bc1-91f6-c4be7d5c0122","9/27/2026, 10:30:04 PM",44,44,0,0,0,100,305501.462
"7b82e017-f79f-4214-be65-24fdc566b739","9/27/2026, 11:30:05 AM",44,44,0,0,0,100,304503.70599999995
"54aff734-967f-454b-93b6-b3b5e22cddc2","9/26/2026, 10:30:05 PM",44,44,0,0,0,100,308045.984
"c07702c7-e734-4d9c-a34c-30c60f8e860c","9/26/2026, 11:30:05 AM",44,44,0,0,0,100,311422.36100000003
"6afe0dd2-0f9e-42ff-84ed-7cefb54a9198","9/25/2026, 10:30:05 PM",44,44,0,0,0,100,312362.295
"57af126a-972c-4103-907d-17047487e9dd","9/25/2026, 11:30:05 AM",44,44,0,0,0,100,313904.073
"3385361f-44f0-460a-8bf2-96c35623b954","9/24/2026, 10:30:05 PM",44,44,0,0,0,100,317954.269
"4461e440-ec5a-4cdf-8caf-872f151ae3f4","9/24/2026, 11:30:06 AM",44,44,0,0,0,100,310210.958
"4d820a8b-0759-4846-b9a4-a6ad195e3918","9/23/2026, 10:30:05 PM",44,44,0,0,0,100,312745.41000000003
"210a8cb0-72bb-4b97-9d81-8a9c98c609b0","9/23/2026, 11:30:04 AM",44,44,0,0,0,100,316338.444
"af4fe28d-f8ef-49af-b44f-065c23feddd3","9/22/2026, 10:30:05 PM",44,44,0,0,0,100,313549.483
"4626c49c-e161-4b53-9ecd-46b1c6aaeaee","9/22/2026, 11:30:05 AM",44,44,0,0,0,100,314048.631
"246ed931-f78b-4fc1-8749-e48e41985a45","9/21/2026, 10:30:05 PM",44,44,0,0,0,100,311249.94
"7cba3f9d-5f3d-461a-998b-6733e5191e12","9/21/2026, 11:30:04 AM",44,44,0,0,0,100,313525.367
"67a400b2-77c5-4a37-b61e-c107ae322064","9/20/2026, 10:30:05 PM",44,44,0,0,0,100,311367.761
"f9222db4-80b5-4463-9fe5-85a52bd9b374","9/20/2026, 11:30:04 AM",44,44,0,0,0,100,308676.625
"e2513b16-0966-4472-ae3d-96dce9167363","9/19/2026, 10:30:04 PM",44,44,0,0,0,100,309540.097
"61b8dea9-00ce-43d3-ab3c-fb05f1933a6a","9/19/2026, 11:30:05 AM",44,44,0,0,0,100,310751.489
"e089f182-1311-4c8a-99a1-5663c624ceac","9/18/2026, 10:30:04 PM",44,44,0,0,0,100,314312.504
"64b24117-6011-4550-9514-18d9dc7473aa","9/18/2026, 11:30:05 AM",44,44,0,0,0,100,306015.315
"693a7ffb-e645-4055-9cb9-499a769a5d1d","9/17/2026, 10:30:11 PM",44,44,0,0,0,100,338113.50200000004
"a0a36c61-99c8-47cc-b110-a4fc47b2cb6e","9/17/2026, 11:30:04 AM",44,44,0,0,0,100,302466.162
"45a45b35-604a-41b1-a6fb-afcba03f9b63","9/16/2026, 10:30:05 PM",44,44,0,0,0,100,314698.674
"3b0efdf9-1f93-4754-98bd-bc8f3b6d2124","9/16/2026, 11:30:04 AM",44,44,0,0,0,100,312973.44
"d34db8b5-eeb8-4415-b432-683acb74e599","9/15/2026, 10:30:04 PM",44,44,0,0,0,100,315942.178
"7d399d88-fd30-4de3-96b1-1f37b2338ee3","9/15/2026, 11:30:05 AM",44,44,0,0,0,100,315315.972
"1d7bc577-dc79-4a72-9c3e-6642633ebd0e","9/14/2026, 10:30:04 PM",44,44,0,0,0,100,314682.456
"04a3bced-c709-4be0-b1dd-14783827934a","9/14/2026, 11:30:05 AM",44,44,0,0,0,100,310452.035
"22e0dc72-522a-48cd-a159-1af53c361dbd","9/13/2026, 10:30:04 PM",44,44,0,0,0,100,314856.173
"dec377ea-95f5-4b57-9a55-d45eaf22e285","9/13/2026, 11:30:04 AM",44,44,0,0,0,100,310242.168
"bb643a4a-f109-4502-bb30-a3cca3c3e798","9/12/2026, 10:30:05 PM",44,44,0,0,0,100,311367.505
"a782e5cd-5213-4254-9b4e-3dddf30af578","9/12/2026, 11:30:05 AM",44,44,0,0,0,100,308848.539
"83832ad9-8e9b-4f36-86b2-ce6f12f99bb1","9/11/2026, 10:30:05 PM",44,44,0,0,0,100,314582.68200000003
"89d3268f-7f6f-444b-b7f9-6de33b649a71","9/11/2026, 11:30:05 AM",44,44,0,0,0,100,315473.10599999997
"e731e75c-2852-4526-a6cc-7b7a0c823d06","9/10/2026, 10:30:05 PM",44,44,0,0,0,100,314986.31
"0ea1a090-513e-4143-9f0c-3429dee37bac","9/10/2026, 11:30:05 AM",44,44,0,0,0,100,309800.524
"b7e6938b-f29e-4aab-80ad-23c6a9518fbd","9/9/2026, 10:30:04 PM",44,44,0,0,0,100,320258.444
"0c89154e-7757-4c79-a3ec-efa008fadb4f","9/9/2026, 11:30:05 AM",44,44,0,0,0,100,308859.584
"365ff478-0810-4fe9-9638-f83e059ca551","9/8/2026, 10:30:05 PM",44,44,0,0,0,100,311189.81899999996